epoch,train_loss,val_loss,epoch_seconds,best_val_loss
1,16.035481262207032,15.524442672729492,13.724395399996865,15.524442672729492
2,10.527038192749023,14.879545211791992,9.420881300000474,14.879545211791992
