epoch,train_loss,val_loss,epoch_seconds,best_val_loss
1,61.04571266174317,83.36270904541016,0.1682801000024483,83.36270904541016
2,21.416877841949464,21.198396682739258,0.08955330000026152,21.198396682739258
